<?xml version="1.0" encoding="UTF-8"?>
<jcr:root xmlns:sling="http://sling.apache.org/jcr/sling/1.0" xmlns:cq="http://www.day.com/jcr/cq/1.0" xmlns:jcr="http://www.jcp.org/jcr/1.0" xmlns:mix="http://www.jcp.org/jcr/mix/1.0" xmlns:nt="http://www.jcp.org/jcr/nt/1.0"
    jcr:primaryType="cq:Page">
    <jcr:content
        cq:contextHubPath="/etc/cloudsettings/default/contexthub"
        cq:contextHubSegmentsPath="/etc/segmentation/contexthub"
        cq:lastModified="{Date}2021-02-11T13:33:39.737+05:30"
        cq:lastModifiedBy="admin"
        cq:template="/conf/wkndmuzik2/settings/wcm/templates/wkndmuzik2-new-template"
        jcr:isCheckedOut="{Boolean}true"
        jcr:mixinTypes="[mix:versionable]"
        jcr:primaryType="cq:PageContent"
        jcr:title="HomePage"
        jcr:uuid="acff77da-d82d-4683-a163-78128a7592a5"
        sling:resourceType="wkndmuzik2/components/page"
        pageHeading="Home Page"
        text="Home Page">
        <root
            jcr:primaryType="nt:unstructured"
            sling:resourceType="wkndmuzik2/components/container">
            <container
                jcr:created="{Date}2021-01-19T13:42:57.649+05:30"
                jcr:createdBy="admin"
                jcr:lastModified="{Date}2021-01-19T13:43:46.498+05:30"
                jcr:lastModifiedBy="admin"
                jcr:primaryType="nt:unstructured"
                sling:resourceType="wkndmuzik2/components/container"
                layout="responsiveGrid">
                <title
                    jcr:created="{Date}2021-01-19T13:46:44.480+05:30"
                    jcr:createdBy="admin"
                    jcr:lastModified="{Date}2021-02-10T16:30:38.740+05:30"
                    jcr:lastModifiedBy="admin"
                    jcr:primaryType="nt:unstructured"
                    jcr:title="Home"
                    sling:resourceType="wkndmuzik2/components/title"
                    type="h1"/>
                <listitem
                    jcr:created="{Date}2021-01-19T13:47:04.416+05:30"
                    jcr:createdBy="admin"
                    jcr:lastModified="{Date}2021-01-19T13:47:22.073+05:30"
                    jcr:lastModifiedBy="admin"
                    jcr:primaryType="nt:unstructured"
                    sling:resourceType="wkndmuzik2/components/listItem"
                    text="ListItemCustom Text"/>
                <image
                    jcr:created="{Date}2021-01-19T13:47:29.457+05:30"
                    jcr:createdBy="admin"
                    jcr:lastModified="{Date}2021-01-29T14:16:25.274+05:30"
                    jcr:lastModifiedBy="admin"
                    jcr:primaryType="nt:unstructured"
                    sling:resourceType="wkndmuzik2/components/image"
                    altValueFromDAM="true"
                    displayPopupTitle="true"
                    fileReference="/content/dam/wkndmuzik/homepage/AdobeStock_-9.png"
                    isDecorative="false"
                    moleculeName="image"
                    text="image"
                    titleValueFromDAM="true">
                    <cq:responsive jcr:primaryType="nt:unstructured">
                        <default
                            jcr:primaryType="nt:unstructured"
                            offset="0"
                            width="2"/>
                    </cq:responsive>
                </image>
                <text
                    jcr:created="{Date}2021-02-11T13:33:27.863+05:30"
                    jcr:createdBy="admin"
                    jcr:lastModified="{Date}2021-02-11T13:33:39.732+05:30"
                    jcr:lastModifiedBy="admin"
                    jcr:primaryType="nt:unstructured"
                    sling:resourceType="wkndmuzik2/components/text"
                    text="&lt;p>New Text&lt;/p>&#xd;&#xa;"
                    textIsRich="true"/>
            </container>
        </root>
    </jcr:content>
    <music/>
    <dance/>
</jcr:root>
