<?xml version="1.0" encoding="UTF-8"?>
<jcr:root xmlns:sling="http://sling.apache.org/jcr/sling/1.0" xmlns:cq="http://www.day.com/jcr/cq/1.0" xmlns:jcr="http://www.jcp.org/jcr/1.0" xmlns:nt="http://www.jcp.org/jcr/nt/1.0"
    jcr:primaryType="cq:Page">
    <jcr:content
        cq:conf="/conf/wkndmuzik2"
        cq:contextHubPath="/etc/cloudsettings/default/contexthub"
        cq:contextHubSegmentsPath="/etc/segmentation/contexthub"
        cq:lastModified="{Date}2021-02-12T18:18:10.181+05:30"
        cq:lastModifiedBy="admin"
        cq:template="/conf/wkndmuzik2/settings/wcm/templates/wkndmuzik2-new-template"
        jcr:primaryType="cq:PageContent"
        jcr:title="Dance"
        sling:resourceType="wkndmuzik2/components/page"
        text="Dance">
        <root
            jcr:primaryType="nt:unstructured"
            sling:resourceType="wkndmuzik2/components/container">
            <container
                jcr:created="{Date}2021-01-19T13:42:57.649+05:30"
                jcr:createdBy="admin"
                jcr:lastModified="{Date}2021-01-19T13:43:46.498+05:30"
                jcr:lastModifiedBy="admin"
                jcr:primaryType="nt:unstructured"
                sling:resourceType="wkndmuzik2/components/container"
                layout="responsiveGrid">
                <container
                    jcr:created="{Date}2021-02-12T12:46:38.877+05:30"
                    jcr:createdBy="admin"
                    jcr:lastModified="{Date}2021-02-12T12:47:00.574+05:30"
                    jcr:lastModifiedBy="admin"
                    jcr:primaryType="nt:unstructured"
                    sling:resourceType="wkndmuzik2/components/container"
                    backgroundColor="rgb(0,0,0)"
                    layout="responsiveGrid">
                    <image
                        jcr:created="{Date}2021-02-12T12:47:07.962+05:30"
                        jcr:createdBy="admin"
                        jcr:lastModified="{Date}2021-02-12T12:47:56.967+05:30"
                        jcr:lastModifiedBy="admin"
                        jcr:primaryType="nt:unstructured"
                        sling:resourceType="wkndmuzik2/components/image"
                        altValueFromDAM="true"
                        displayPopupTitle="true"
                        fileReference="/content/dam/wkndmuzik/homepage/AdobeStock_-2.png"
                        isDecorative="false"
                        moleculeName="image"
                        titleValueFromDAM="true"/>
                    <cq:responsive jcr:primaryType="nt:unstructured">
                        <default
                            jcr:primaryType="nt:unstructured"
                            offset="1"
                            width="2"/>
                    </cq:responsive>
                </container>
                <container_1651510378
                    jcr:created="{Date}2021-02-12T12:49:08.538+05:30"
                    jcr:createdBy="admin"
                    jcr:lastModified="{Date}2021-02-12T12:49:17.167+05:30"
                    jcr:lastModifiedBy="admin"
                    jcr:primaryType="nt:unstructured"
                    sling:resourceType="wkndmuzik2/components/container"
                    layout="responsiveGrid">
                    <cq:responsive jcr:primaryType="nt:unstructured">
                        <default
                            jcr:primaryType="nt:unstructured"
                            offset="1"
                            width="3"/>
                    </cq:responsive>
                    <title
                        jcr:created="{Date}2021-02-12T18:17:16.860+05:30"
                        jcr:createdBy="admin"
                        jcr:lastModified="{Date}2021-02-12T18:17:28.839+05:30"
                        jcr:lastModifiedBy="admin"
                        jcr:primaryType="nt:unstructured"
                        jcr:title="Enjoy Dance"
                        sling:resourceType="wkndmuzik2/components/title"
                        type="h1"/>
                    <text
                        jcr:created="{Date}2021-02-12T18:17:52.335+05:30"
                        jcr:createdBy="admin"
                        jcr:lastModified="{Date}2021-02-12T18:18:10.174+05:30"
                        jcr:lastModifiedBy="admin"
                        jcr:primaryType="nt:unstructured"
                        sling:resourceType="wkndmuzik2/components/text"
                        text="&lt;p>&lt;b>Only the Best Dancers&lt;/b>&lt;/p>&#xd;&#xa;"
                        textIsRich="true"/>
                </container_1651510378>
            </container>
        </root>
    </jcr:content>
</jcr:root>
