<?xml version="1.0" encoding="UTF-8"?>
<jcr:root xmlns:sling="http://sling.apache.org/jcr/sling/1.0" xmlns:cq="http://www.day.com/jcr/cq/1.0" xmlns:jcr="http://www.jcp.org/jcr/1.0" xmlns:nt="http://www.jcp.org/jcr/nt/1.0"
    jcr:primaryType="cq:Page">
    <jcr:content
        cq:lastModified="{Date}2021-02-15T19:50:17.960+05:30"
        cq:lastModifiedBy="admin"
        cq:tags="[]"
        cq:template="/conf/wkndmuzik2/settings/wcm/templates/xf-web-variation"
        cq:xfMasterVariation="{Boolean}true"
        cq:xfVariantType="web"
        jcr:primaryType="cq:PageContent"
        jcr:title="footer xf"
        sling:resourceType="wkndmuzik2/components/xfpage">
        <root
            jcr:primaryType="nt:unstructured"
            sling:resourceType="wkndmuzik2/components/container"
            layout="responsiveGrid">
            <container
                jcr:created="{Date}2021-02-15T19:46:41.749+05:30"
                jcr:createdBy="admin"
                jcr:lastModified="{Date}2021-02-15T19:46:51.516+05:30"
                jcr:lastModifiedBy="admin"
                jcr:primaryType="nt:unstructured"
                sling:resourceType="wkndmuzik2/components/container"
                layout="responsiveGrid">
                <title
                    jcr:created="{Date}2021-02-15T19:46:57.909+05:30"
                    jcr:createdBy="admin"
                    jcr:lastModified="{Date}2021-02-15T19:47:08.669+05:30"
                    jcr:lastModifiedBy="admin"
                    jcr:primaryType="nt:unstructured"
                    jcr:title="First Row"
                    sling:resourceType="wkndmuzik2/components/title"
                    type="h1"/>
                <text
                    jcr:created="{Date}2021-02-15T19:47:15.697+05:30"
                    jcr:createdBy="admin"
                    jcr:lastModified="{Date}2021-02-15T19:47:26.964+05:30"
                    jcr:lastModifiedBy="admin"
                    jcr:primaryType="nt:unstructured"
                    sling:resourceType="wkndmuzik2/components/text"
                    text="&lt;p>Data 1&lt;/p>&#xd;&#xa;"
                    textIsRich="true"/>
                <text_1419512638
                    jcr:created="{Date}2021-02-15T19:47:34.430+05:30"
                    jcr:createdBy="admin"
                    jcr:lastModified="{Date}2021-02-15T19:47:43.774+05:30"
                    jcr:lastModifiedBy="admin"
                    jcr:primaryType="nt:unstructured"
                    sling:resourceType="wkndmuzik2/components/text"
                    text="&lt;p>Data 2&lt;/p>&#xd;&#xa;"
                    textIsRich="true"/>
                <cq:responsive jcr:primaryType="nt:unstructured">
                    <default
                        jcr:primaryType="nt:unstructured"
                        offset="1"
                        width="2"/>
                </cq:responsive>
            </container>
            <container_64431149
                jcr:created="{Date}2021-02-15T19:47:54.514+05:30"
                jcr:createdBy="admin"
                jcr:lastModified="{Date}2021-02-15T19:48:03.959+05:30"
                jcr:lastModifiedBy="admin"
                jcr:primaryType="nt:unstructured"
                sling:resourceType="wkndmuzik2/components/container"
                layout="responsiveGrid">
                <title
                    jcr:created="{Date}2021-02-15T19:48:10.962+05:30"
                    jcr:createdBy="admin"
                    jcr:lastModified="{Date}2021-02-15T19:48:21.873+05:30"
                    jcr:lastModifiedBy="admin"
                    jcr:primaryType="nt:unstructured"
                    jcr:title="Second Row"
                    sling:resourceType="wkndmuzik2/components/title"
                    type="h1"/>
                <text
                    jcr:created="{Date}2021-02-15T19:48:28.714+05:30"
                    jcr:createdBy="admin"
                    jcr:lastModified="{Date}2021-02-15T19:48:36.581+05:30"
                    jcr:lastModifiedBy="admin"
                    jcr:primaryType="nt:unstructured"
                    sling:resourceType="wkndmuzik2/components/text"
                    text="&lt;p>Data 3&lt;/p>&#xd;&#xa;"
                    textIsRich="true"/>
                <text_1329784815
                    jcr:created="{Date}2021-02-15T19:48:42.925+05:30"
                    jcr:createdBy="admin"
                    jcr:lastModified="{Date}2021-02-15T19:48:51.644+05:30"
                    jcr:lastModifiedBy="admin"
                    jcr:primaryType="nt:unstructured"
                    sling:resourceType="wkndmuzik2/components/text"
                    text="&lt;p>Data 4&lt;/p>&#xd;&#xa;"
                    textIsRich="true"/>
                <text_1141291315
                    jcr:created="{Date}2021-02-15T19:48:57.788+05:30"
                    jcr:createdBy="admin"
                    jcr:lastModified="{Date}2021-02-15T19:49:06.452+05:30"
                    jcr:lastModifiedBy="admin"
                    jcr:primaryType="nt:unstructured"
                    sling:resourceType="wkndmuzik2/components/text"
                    text="&lt;p>Data 5&lt;/p>&#xd;&#xa;"
                    textIsRich="true"/>
                <cq:responsive jcr:primaryType="nt:unstructured">
                    <default
                        jcr:primaryType="nt:unstructured"
                        offset="1"
                        width="2"/>
                </cq:responsive>
            </container_64431149>
        </root>
    </jcr:content>
</jcr:root>
