<?xml version="1.0" encoding="UTF-8"?>
<jcr:root xmlns:sling="http://sling.apache.org/jcr/sling/1.0" xmlns:cq="http://www.day.com/jcr/cq/1.0" xmlns:jcr="http://www.jcp.org/jcr/1.0" xmlns:mix="http://www.jcp.org/jcr/mix/1.0" xmlns:nt="http://www.jcp.org/jcr/nt/1.0"
    jcr:primaryType="cq:Page">
    <jcr:content
        cq:lastModified="{Date}2021-02-15T19:43:26.021+05:30"
        cq:lastModifiedBy="admin"
        cq:lastReplicated="{Date}2021-02-15T19:44:39.635+05:30"
        cq:lastReplicatedBy="admin"
        cq:lastReplicationAction="Activate"
        cq:tags="[]"
        cq:template="/conf/wkndmuzik2/settings/wcm/templates/xf-web-variation"
        cq:xfMasterVariation="{Boolean}true"
        cq:xfVariantType="web"
        jcr:isCheckedOut="{Boolean}true"
        jcr:mixinTypes="[mix:versionable]"
        jcr:primaryType="cq:PageContent"
        jcr:title="header xf"
        jcr:uuid="ea7dd3e1-e4a9-42e8-b50c-404960b60aa7"
        sling:resourceType="wkndmuzik2/components/xfpage">
        <root
            jcr:primaryType="nt:unstructured"
            sling:resourceType="wkndmuzik2/components/container"
            layout="responsiveGrid">
            <image
                jcr:created="{Date}2021-02-15T19:40:49.815+05:30"
                jcr:createdBy="admin"
                jcr:lastModified="{Date}2021-02-15T19:41:33.463+05:30"
                jcr:lastModifiedBy="admin"
                jcr:primaryType="nt:unstructured"
                sling:resourceType="wkndmuzik2/components/image"
                altValueFromDAM="true"
                displayPopupTitle="true"
                fileReference="/content/dam/wkndmuzik/Logo.png"
                isDecorative="false"
                moleculeName="image"
                titleValueFromDAM="true">
                <cq:responsive jcr:primaryType="nt:unstructured">
                    <default
                        jcr:primaryType="nt:unstructured"
                        offset="1"
                        width="1"/>
                </cq:responsive>
            </image>
            <navigation
                jcr:created="{Date}2021-02-15T19:41:45.812+05:30"
                jcr:createdBy="admin"
                jcr:lastModified="{Date}2021-02-15T19:42:07.504+05:30"
                jcr:lastModifiedBy="admin"
                jcr:primaryType="nt:unstructured"
                sling:resourceType="wkndmuzik2/components/navigation"
                collectAllPages="true"
                disableShadowing="false"
                navigationRoot="/content/wkndmuzik2/language-masters/en"
                structureStart="1">
                <cq:responsive jcr:primaryType="nt:unstructured">
                    <default
                        jcr:primaryType="nt:unstructured"
                        offset="1"
                        width="7"/>
                </cq:responsive>
            </navigation>
        </root>
    </jcr:content>
</jcr:root>
